Model,Accuracy,Precision,Recall,F1-score,AUC-ROC
Logistic Regression,0.5317410433689503,0.5296187683284458,0.5675675675675675,0.5479368932038835,0.536795401221753
Random Forest,0.9717159019484601,0.979552715654952,0.9635449402891263,0.9714828897338403,0.9951538371283157
XGBoost,0.8884349465744814,0.9820592823712948,0.7913262099308611,0.876435781413157,0.9608237884296528
